{
  "binary_steps": {
    "aggregate": {
      "road-aware boxes": {
        "fixed_precision": {
          "n": 189,
          "mean_difference": 0.053738757427843065,
          "ci95_low": 0.039796843341992925,
          "ci95_high": 0.06859458006141671,
          "probability_positive": 1.0
        },
        "fixed_recall": {
          "n": 189,
          "mean_difference": 0.13671517146455964,
          "ci95_low": 0.10673468234384521,
          "ci95_high": 0.16755926402353788,
          "probability_positive": 1.0
        },
        "fixed_f1": {
          "n": 189,
          "mean_difference": 0.06145430856041636,
          "ci95_low": 0.04882324111192788,
          "ci95_high": 0.07482676698879716,
          "probability_positive": 1.0
        },
        "fixed_iou": {
          "n": 189,
          "mean_difference": 0.03626146989926238,
          "ci95_low": 0.02642153872443305,
          "ci95_high": 0.047545824187166255,
          "probability_positive": 1.0
        },
        "component_f1": {
          "n": 189,
          "mean_difference": 0.018639015009846167,
          "ci95_low": 0.008510058802990942,
          "ci95_high": 0.027823751140843192,
          "probability_positive": 1.0
        },
        "boundary_f1": {
          "n": 189,
          "mean_difference": 0.0681312326497762,
          "ci95_low": 0.05549287787433387,
          "ci95_high": 0.08030308060282891,
          "probability_positive": 1.0
        }
      },
      "boundary-consistent selection": {
        "fixed_precision": {
          "n": 189,
          "mean_difference": -0.0002853236579937019,
          "ci95_low": -0.0017504929215275504,
          "ci95_high": 0.0011312257133327176,
          "probability_positive": 0.3332
        },
        "fixed_recall": {
          "n": 189,
          "mean_difference": -0.000572423980924598,
          "ci95_low": -0.0019715386992322287,
          "ci95_high": 0.00043174565258045325,
          "probability_positive": 0.187
        },
        "fixed_f1": {
          "n": 189,
          "mean_difference": -0.00010364855574452899,
          "ci95_low": -0.0011229734753927588,
          "ci95_high": 0.0008294560317896076,
          "probability_positive": 0.4212
        },
        "fixed_iou": {
          "n": 189,
          "mean_difference": -0.0005163622710853563,
          "ci95_low": -0.0018221216770763027,
          "ci95_high": 0.000390020513842693,
          "probability_positive": 0.1936
        },
        "component_f1": {
          "n": 189,
          "mean_difference": -0.0019782415809905464,
          "ci95_low": -0.005631617913194823,
          "ci95_high": 0.00027954188344267086,
          "probability_positive": 0.0756
        },
        "boundary_f1": {
          "n": 189,
          "mean_difference": -0.0015973622875418414,
          "ci95_low": -0.004297778972555429,
          "ci95_high": 0.000234224389589602,
          "probability_positive": 0.0618
        }
      },
      "mask feedback": {
        "fixed_precision": {
          "n": 189,
          "mean_difference": 0.0,
          "ci95_low": 0.0,
          "ci95_high": 0.0,
          "probability_positive": 0.0
        },
        "fixed_recall": {
          "n": 189,
          "mean_difference": 0.0,
          "ci95_low": 0.0,
          "ci95_high": 0.0,
          "probability_positive": 0.0
        },
        "fixed_f1": {
          "n": 189,
          "mean_difference": 0.0,
          "ci95_low": 0.0,
          "ci95_high": 0.0,
          "probability_positive": 0.0
        },
        "fixed_iou": {
          "n": 189,
          "mean_difference": 0.0,
          "ci95_low": 0.0,
          "ci95_high": 0.0,
          "probability_positive": 0.0
        },
        "component_f1": {
          "n": 189,
          "mean_difference": 0.0,
          "ci95_low": 0.0,
          "ci95_high": 0.0,
          "probability_positive": 0.0
        },
        "boundary_f1": {
          "n": 189,
          "mean_difference": 0.0,
          "ci95_low": 0.0,
          "ci95_high": 0.0,
          "probability_positive": 0.0
        }
      }
    },
    "road_anomaly": {
      "road-aware boxes": {
        "fixed_precision": {
          "n": 10,
          "mean_difference": 0.24060272329626042,
          "ci95_low": 0.08750758485685957,
          "ci95_high": 0.4083786455247595,
          "probability_positive": 0.9998
        },
        "fixed_recall": {
          "n": 10,
          "mean_difference": 0.04793338159511949,
          "ci95_low": 0.0042768247079991595,
          "ci95_high": 0.10795264057267032,
          "probability_positive": 0.9914
        },
        "fixed_f1": {
          "n": 10,
          "mean_difference": 0.13995737138557485,
          "ci95_low": 0.024372689909573378,
          "ci95_high": 0.27666242335853264,
          "probability_positive": 0.9954
        },
        "fixed_iou": {
          "n": 10,
          "mean_difference": 0.1462273013389244,
          "ci95_low": 0.02168178361017639,
          "ci95_high": 0.29676207805585325,
          "probability_positive": 0.993
        },
        "component_f1": {
          "n": 10,
          "mean_difference": 0.08487734487734488,
          "ci95_low": -0.004276094276094258,
          "ci95_high": 0.17495165945165944,
          "probability_positive": 0.9696
        },
        "boundary_f1": {
          "n": 10,
          "mean_difference": 0.0924735724212782,
          "ci95_low": 0.007010437457521068,
          "ci95_high": 0.20050154426854308,
          "probability_positive": 0.9874
        }
      },
      "boundary-consistent selection": {
        "fixed_precision": {
          "n": 10,
          "mean_difference": -0.001015470513996941,
          "ci95_low": -0.0030464115419908235,
          "ci95_high": 0.0,
          "probability_positive": 0.0
        },
        "fixed_recall": {
          "n": 10,
          "mean_difference": -4.0632290874775824e-05,
          "ci95_low": -0.00012189687262432747,
          "ci95_high": 0.0,
          "probability_positive": 0.0
        },
        "fixed_f1": {
          "n": 10,
          "mean_difference": -0.0004716454777620838,
          "ci95_low": -0.0014149364332862514,
          "ci95_high": 0.0,
          "probability_positive": 0.0
        },
        "fixed_iou": {
          "n": 10,
          "mean_difference": -0.0008250334581750395,
          "ci95_low": -0.002475100374525119,
          "ci95_high": 0.0,
          "probability_positive": 0.0
        },
        "component_f1": {
          "n": 10,
          "mean_difference": -0.006666666666666665,
          "ci95_low": -0.019999999999999997,
          "ci95_high": 0.0,
          "probability_positive": 0.0
        },
        "boundary_f1": {
          "n": 10,
          "mean_difference": -0.002191835468933026,
          "ci95_low": -0.005983206308082395,
          "ci95_high": 0.0,
          "probability_positive": 0.0
        }
      },
      "mask feedback": {
        "fixed_precision": {
          "n": 10,
          "mean_difference": 0.0,
          "ci95_low": 0.0,
          "ci95_high": 0.0,
          "probability_positive": 0.0
        },
        "fixed_recall": {
          "n": 10,
          "mean_difference": 0.0,
          "ci95_low": 0.0,
          "ci95_high": 0.0,
          "probability_positive": 0.0
        },
        "fixed_f1": {
          "n": 10,
          "mean_difference": 0.0,
          "ci95_low": 0.0,
          "ci95_high": 0.0,
          "probability_positive": 0.0
        },
        "fixed_iou": {
          "n": 10,
          "mean_difference": 0.0,
          "ci95_low": 0.0,
          "ci95_high": 0.0,
          "probability_positive": 0.0
        },
        "component_f1": {
          "n": 10,
          "mean_difference": 0.0,
          "ci95_low": 0.0,
          "ci95_high": 0.0,
          "probability_positive": 0.0
        },
        "boundary_f1": {
          "n": 10,
          "mean_difference": 0.0,
          "ci95_low": 0.0,
          "ci95_high": 0.0,