{
  "num_samples": 10.0,
  "roadcontrast_threshold": 0.215,
  "roadcontrast_precision": 0.4021799344032968,
  "roadcontrast_recall": 0.6187704564817628,
  "roadcontrast_f1": 0.4472717688372862,
  "roadcontrast_iou": 0.3058660302559041,
  "roadcontrast_ap": 0.36979701827261313,
  "roadcontrast_fpr95": 0.6408851687325859,
  "dino_threshold": 0.375,
  "dino_precision": 0.19239808984797419,
  "dino_recall": 0.9313619792967927,
  "dino_f1": 0.3119458641509722,
  "dino_iou": 0.19071705073161074,
  "dino_ap": 0.1323814222763078,
  "dino_fpr95": 0.6749158634867407,
  "roadcontrast_eras_light_threshold": 0.175,
  "roadcontrast_eras_light_precision": 0.4114491591613751,
  "roadcontrast_eras_light_recall": 0.6141825523070352,
  "roadcontrast_eras_light_f1": 0.45287649104651884,
  "roadcontrast_eras_light_iou": 0.309502146942784,
  "roadcontrast_eras_light_ap": 0.37173778221992193,
  "roadcontrast_eras_light_fpr95": 0.6251504265936417,
  "roadcontrast_eras_balanced_threshold": 0.14999999999999997,
  "roadcontrast_eras_balanced_precision": 0.4229503690741816,
  "roadcontrast_eras_balanced_recall": 0.613660267681136,
  "roadcontrast_eras_balanced_f1": 0.4534469312914064,
  "roadcontrast_eras_balanced_iou": 0.3098895630319508,
  "roadcontrast_eras_balanced_ap": 0.37330215256487376,
  "roadcontrast_eras_balanced_fpr95": 0.6191296268399196,
  "roadcontrast_eras_recall_threshold": 0.1275,
  "roadcontrast_eras_recall_precision": 0.4165055216929713,
  "roadcontrast_eras_recall_recall": 0.6278690781630337,
  "roadcontrast_eras_recall_f1": 0.45277603693735813,
  "roadcontrast_eras_recall_iou": 0.30915448396099354,
  "roadcontrast_eras_recall_ap": 0.3729565332571373,
  "roadcontrast_eras_recall_fpr95": 0.6139900412138453,
  "dino_eras_light_threshold": 0.46749999999999997,
  "dino_eras_light_precision": 0.349667548290634,
  "dino_eras_light_recall": 0.7624131827242481,
  "dino_eras_light_f1": 0.43475068301115527,
  "dino_eras_light_iou": 0.2864599349941049,
  "dino_eras_light_ap": 0.29074791280181905,
  "dino_eras_light_fpr95": 0.5888554020234867,
  "dino_eras_balanced_threshold": 0.4149999999999999,
  "dino_eras_balanced_precision": 0.364034927790209,
  "dino_eras_balanced_recall": 0.8368639548698136,
  "dino_eras_balanced_f1": 0.4782390297004492,
  "dino_eras_balanced_iou": 0.3289496478591575,
  "dino_eras_balanced_ap": 0.322747941547065,
  "dino_eras_balanced_fpr95": 0.5591703331304684,
  "dino_eras_recall_threshold": 0.38499999999999995,
  "dino_eras_recall_precision": 0.3755994289314796,
  "dino_eras_recall_recall": 0.7593982346348688,
  "dino_eras_recall_f1": 0.4741317345802255,
  "dino_eras_recall_iou": 0.32391119841652455,
  "dino_eras_recall_ap": 0.31224502103746593,
  "dino_eras_recall_fpr95": 0.5843576064324167,
  "roadcontrast_seconds": 0.08932454999994661,
  "dino_seconds": 0.30826100000012957,
  "roadcontrast_eras_light_seconds": 0.17252208999998403,
  "roadcontrast_eras_balanced_seconds": 0.15107895999972243,
  "roadcontrast_eras_recall_seconds": 0.1641185399996175,
  "dino_eras_light_seconds": 0.6029813399996783,
  "dino_eras_balanced_seconds": 0.5145496899996942,
  "dino_eras_recall_seconds": 0.4021072700004879
}