{
  "num_samples": 3.0,
  "roadcontrast_threshold": 0.2916666666666667,
  "roadcontrast_precision": 0.05105196299524193,
  "roadcontrast_recall": 0.2962330160668283,
  "roadcontrast_f1": 0.08046860016866057,
  "roadcontrast_iou": 0.04380031321298252,
  "roadcontrast_ap": 0.03734902630349753,
  "roadcontrast_fpr95": 0.508068577032507,
  "roadcontrast_eras_light_threshold": 0.26666666666666666,
  "roadcontrast_eras_light_precision": 0.047094008614782405,
  "roadcontrast_eras_light_recall": 0.33058249038248116,
  "roadcontrast_eras_light_f1": 0.07843405974446203,
  "roadcontrast_eras_light_iou": 0.042646557148484844,
  "roadcontrast_eras_light_ap": 0.036617776673857926,
  "roadcontrast_eras_light_fpr95": 0.5078791543685369,
  "roadcontrast_eras_balanced_threshold": 0.2416666666666666,
  "roadcontrast_eras_balanced_precision": 0.04821908070321424,
  "roadcontrast_eras_balanced_recall": 0.3199387014169467,
  "roadcontrast_eras_balanced_f1": 0.07829469664734788,
  "roadcontrast_eras_balanced_iou": 0.04261695899149662,
  "roadcontrast_eras_balanced_ap": 0.03605355300439275,
  "roadcontrast_eras_balanced_fpr95": 0.5074040178821727,
  "roadcontrast_eras_recall_threshold": 0.19999999999999998,
  "roadcontrast_eras_recall_precision": 0.045671045689553526,
  "roadcontrast_eras_recall_recall": 0.3722849354605311,
  "roadcontrast_eras_recall_f1": 0.07702778371345555,
  "roadcontrast_eras_recall_iou": 0.041899141603880634,
  "roadcontrast_eras_recall_ap": 0.035885531107836634,
  "roadcontrast_eras_recall_fpr95": 0.5070200054306014,
  "roadcontrast_seconds": 0.31216646666689485,
  "roadcontrast_eras_light_seconds": 0.2968725333336503,
  "roadcontrast_eras_balanced_seconds": 0.2846070333337896,
  "roadcontrast_eras_recall_seconds": 0.3066318666666727
}