{
  "device": "cuda",
  "num_samples": 189,
  "aggregate": {
    "threshold": {
      "threshold": 0.7,
      "precision": 0.031160650302716798,
      "recall": 0.5568102174740148,
      "f1": 0.059018463065336584,
      "iou": 0.030406504102322762,
      "ap": 0.04920165213302426,
      "fpr95": 0.8608659220077621,
      "positive_pixels": 3096186.0,
      "negative_pixels": 162353259.0
    },
    "s2m_style": {
      "threshold": 0.7,
      "precision": 0.12822878853322248,
      "recall": 0.1223485927525026,
      "f1": 0.1252196965815427,
      "iou": 0.0667916642569896,
      "ap": 0.04920165213302426,
      "fpr95": 0.8608659220077621,
      "positive_pixels": 3096186.0,
      "negative_pixels": 162353259.0
    },
    "ugains_style": {
      "threshold": 0.7,
      "precision": 0.01897754617582054,
      "recall": 0.2889335459820566,
      "f1": 0.03561579852281896,
      "iou": 0.018130770190493556,
      "ap": 0.04576659820678633,
      "fpr95": 0.8656522872756129,
      "positive_pixels": 3096186.0,
      "negative_pixels": 162353259.0
    },
    "riskprompt": {
      "threshold": 0.7,
      "precision": 0.16013711388387347,
      "recall": 0.18459162337146412,
      "f1": 0.17149698658252802,
      "iou": 0.09379092368133438,
      "ap": 0.08046765823439357,
      "fpr95": 0.8550927579470394,
      "positive_pixels": 3096186.0,
      "negative_pixels": 162353259.0
    }
  },
  "by_source": {
    "road_anomaly": {
      "threshold": {
        "threshold": 0.7,
        "precision": 0.10743365185349968,
        "recall": 0.1950741915914425,
        "f1": 0.1385586075810447,
        "iou": 0.07443619130064949,
        "ap": 0.11099758047880125,
        "fpr95": 0.9814825225025501,
        "positive_pixels": 1317063.0,
        "negative_pixels": 7578030.0
      },
      "s2m_style": {
        "threshold": 0.7,
        "precision": 0.2746690182170056,
        "recall": 0.19439692710219633,
        "f1": 0.22766441965948991,
        "iou": 0.12845446550012266,
        "ap": 0.11099758047880125,
        "fpr95": 0.9814825225025501,
        "positive_pixels": 1317063.0,
        "negative_pixels": 7578030.0
      },
      "ugains_style": {
        "threshold": 0.7,
        "precision": 0.08469653812692964,
        "recall": 0.1990603334844271,
        "f1": 0.11883216098896643,
        "iou": 0.06316935603759778,
        "ap": 0.10296698023171809,
        "fpr95": 0.9824858175541664,
        "positive_pixels": 1317063.0,
        "negative_pixels": 7578030.0
      },
      "riskprompt": {
        "threshold": 0.7,
        "precision": 0.6529368066672838,
        "recall": 0.21955821399583772,
        "f1": 0.3286153748248522,
        "iou": 0.1966126586753877,
        "ap": 0.2688285058339035,
        "fpr95": 0.9825590555856866,
        "positive_pixels": 1317063.0,
        "negative_pixels": 7578030.0
      }
    },
    "smiyc": {
      "threshold": {
        "threshold": 0.7,
        "precision": 0.45763548698167794,
        "recall": 0.9141637515217826,
        "f1": 0.609934401283185,
        "iou": 0.4387810200081364,
        "ap": 0.6894446383612469,
        "fpr95": 0.01353531346156765,
        "positive_pixels": 129782.0,
        "negative_pixels": 19106170.0
      },
      "s2m_style": {
        "threshold": 0.7,
        "precision": 0.969893239023663,
        "recall": 0.9022976992186899,
        "f1": 0.9348751990866959,
        "iou": 0.8777142343179655,
        "ap": 0.6894446383612469,
        "fpr95": 0.01353531346156765,
        "positive_pixels": 129782.0,
        "negative_pixels": 19106170.0
      },
      "ugains_style": {
        "threshold": 0.7,
        "precision": 0.9966930641371509,
        "recall": 0.0882479850826771,
        "f1": 0.1621399701287578,
        "iou": 0.08822215375134802,
        "ap": 0.7110572352543666,
        "fpr95": 0.013550491804479915,
        "positive_pixels": 129782.0,
        "negative_pixels": 19106170.0
      },
      "riskprompt": {
        "threshold": 0.7,
        "precision": 0.9538877004042655,
        "recall": 0.9035921776517545,
        "f1": 0.9280590057810787,
        "iou": 0.8657743390598814,
        "ap": 0.9159026283834424,
        "fpr95": 0.015659758078149625,
        "positive_pixels": 129782.0,
        "negative_pixels": 19106170.0
      }
    },
    "street_hazards": {
      "threshold": {
        "threshold": 0.7,
        "precision": 0.025598842503827757,
        "recall": 0.817551373548587,
        "f1": 0.04964327459522898,
        "iou": 0.025453433184089012,
        "ap": 0.06459612247288822,
        "fpr95": 0.5629917209052065,
        "positive_pixels": 1649341.0,
        "negative_pixels": 135669059.0
      },
      "s2m_style": {
        "threshold": 0.7,
        "precision": 0.002986878562006526,
        "recall": 0.003443193372383273,
        "f1": 0.003198844608195047,
        "iou": 0.001601984553923889,
        "ap": 0.06459612247288822,
        "fpr95": 0.5629917209052065,
        "positive_pixels": 1649341.0,
        "negative_pixels": 135669059.0
      },
      "ugains_style": {
        "threshold": 0.7,
        "precision": 0.014102387543177155,
        "recall": 0.37649218687948705,
        "f1": 0.027186443816843372,
        "iou": 0.013780543899668629,
        "ap": 0.06355101653536394,
        "fpr95": 0.5847257037435485,
        "positive_pixels": 1649341.0,
        "negative_pixels": 135669059.0
      },
      "riskprompt": {
        "threshold": 0.7,
        "precision": 0.05497095417999418,
        "recall": 0.1000933099947191,
        "f1": 0.07096702501672747,
        "iou": 0.03678891233953264,
        "ap": 0.05173245175704194,
        "fpr95": 0.5408921867734042,
        "positive_pixels": 1649341.0,
        "negative_pixels": 135669059.0
      }
    }
  },
  "fixed_thresholds": {
    "threshold": 0.7,
    "ugains_style": 0.6,
    "riskprompt": "mask-level boundary-consistency selection",
    "riskprompt_heatmap_sweep_reference": 0.7
  },
  "protocol": "Controlled prompt comparison with one shared DINOv2 heatmap and one shared SAM-B. S2M-style and UGainS-style reproduce prompt mechanisms, not official end-to-end checkpoints.",
  "statistics": {
    "num_samples": 189,
    "source_counts": {
      "road_anomaly": 10,
      "smiyc": 30,
      "street_hazards": 149
    },
    "runtime_seconds": {
      "median": 0.09759459999622777,
      "p90": 0.1899903799960157,
      "mean": 0.11155815502639771,
      "total": 21.084491299989168,
      "measurement_context": "cached metric reevaluation; not model inference latency"
    },
    "bootstrap_paired_macro_difference": {
      "aggregate": {
        "s2m_style": {
          "fixed_precision": {
            "n": 189.0,
            "mean_difference": 0.05393393851472344,
            "ci95_low": 0.03968480707447647,
            "ci95_high": 0.06912980669919107,
            "probability_positive": 1.0
          },
          "fixed_recall": {
            "n": 189.0,
            "mean_difference": 0.1380699169806576,
            "ci95_low": 0.10732081749527492,
            "ci95_high": 0.16904440818679298,
            "probability_positive": 1.0
          },
          "fixed_f1": {
            "n": 189.0,
            "mean_difference": 0.06237747166861713,
            "ci95_low": 0.04942074736166793,
            "ci95_high": 0.07582903305434352,
            "probability_positive": 1.0
          },
          "fixed_iou": {
            "n": 189.0,
            "mean_difference": 0.03647093231969264,
            "ci95_low": 0.026354268671756997,
            "ci95_high": 0.047875048093755555,
            "probability_positive": 1.0
          },
          "component_f1": {
            "n": 189.0,
            "mean_difference": 0.016566737405488714,
            "ci95_low": 0.006185671337732598,
            "ci95_high": 0.026117688448799418,
            "probability_positive": 0.9992
          },
          "boundary_f1": {
            "n": 189.0,
            "mean_difference": 0.0663988196990223,