{
  "num_samples": 189,
  "source_counts": {
    "road_anomaly": 10,
    "smiyc": 30,
    "street_hazards": 149
  },
  "runtime_seconds": {
    "median": 0.09759459999622777,
    "p90": 0.1899903799960157,
    "mean": 0.11155815502639771,
    "total": 21.084491299989168,
    "measurement_context": "cached metric reevaluation; not model inference latency"
  },
  "bootstrap_paired_macro_difference": {
    "aggregate": {
      "s2m_style": {
        "fixed_precision": {
          "n": 189.0,
          "mean_difference": 0.05393393851472344,
          "ci95_low": 0.03968480707447647,
          "ci95_high": 0.06912980669919107,
          "probability_positive": 1.0
        },
        "fixed_recall": {
          "n": 189.0,
          "mean_difference": 0.1380699169806576,
          "ci95_low": 0.10732081749527492,
          "ci95_high": 0.16904440818679298,
          "probability_positive": 1.0
        },
        "fixed_f1": {
          "n": 189.0,
          "mean_difference": 0.06237747166861713,
          "ci95_low": 0.04942074736166793,
          "ci95_high": 0.07582903305434352,
          "probability_positive": 1.0
        },
        "fixed_iou": {
          "n": 189.0,
          "mean_difference": 0.03647093231969264,
          "ci95_low": 0.026354268671756997,
          "ci95_high": 0.047875048093755555,
          "probability_positive": 1.0
        },
        "component_f1": {
          "n": 189.0,
          "mean_difference": 0.016566737405488714,
          "ci95_low": 0.006185671337732598,
          "ci95_high": 0.026117688448799418,
          "probability_positive": 0.9992
        },
        "boundary_f1": {
          "n": 189.0,
          "mean_difference": 0.0663988196990223,
          "ci95_low": 0.05322024401488885,
          "ci95_high": 0.0786867071444736,
          "probability_positive": 1.0
        }
      },
      "ugains_style": {
        "fixed_precision": {
          "n": 189.0,
          "mean_difference": 0.14521607403761813,
          "ci95_low": 0.1016894611880338,
          "ci95_high": 0.1924291728153643,
          "probability_positive": 1.0
        },
        "fixed_recall": {
          "n": 189.0,
          "mean_difference": -0.05209241097337983,
          "ci95_low": -0.11330002484624617,
          "ci95_high": 0.015226357669956362,
          "probability_positive": 0.0592
        },
        "fixed_f1": {
          "n": 189.0,
          "mean_difference": 0.14823102275270694,
          "ci95_low": 0.10494943083761317,
          "ci95_high": 0.1939621665349318,
          "probability_positive": 1.0
        },
        "fixed_iou": {
          "n": 189.0,
          "mean_difference": 0.12580884436332745,
          "ci95_low": 0.08606504835141851,
          "ci95_high": 0.16840135036909268,
          "probability_positive": 1.0
        },
        "component_f1": {
          "n": 189.0,
          "mean_difference": 0.11409853268203551,
          "ci95_low": 0.0751398233712062,
          "ci95_high": 0.1554718792234127,
          "probability_positive": 1.0
        },
        "boundary_f1": {
          "n": 189.0,
          "mean_difference": 0.13176532709418315,
          "ci95_low": 0.0942162635489386,
          "ci95_high": 0.17188841324757054,
          "probability_positive": 1.0
        }
      }
    },
    "road_anomaly": {
      "s2m_style": {
        "fixed_precision": {
          "n": 10.0,
          "mean_difference": 0.23934578791580438,
          "ci95_low": 0.08648832607634227,
          "ci95_high": 0.4051471480311757,
          "probability_positive": 0.9998
        },
        "fixed_recall": {
          "n": 10.0,
          "mean_difference": 0.04893923545723876,
          "ci95_low": 0.005089886101938359,
          "ci95_high": 0.10907836682618273,
          "probability_positive": 0.9924
        },
        "fixed_f1": {
          "n": 10.0,
          "mean_difference": 0.13967690209658912,
          "ci95_low": 0.025258993127764365,
          "ci95_high": 0.275574995359629,
          "probability_positive": 0.9948
        },
        "fixed_iou": {
          "n": 10.0,
          "mean_difference": 0.14591547626060125,
          "ci95_low": 0.022349054139195874,
          "ci95_high": 0.29472845186556335,
          "probability_positive": 0.9934
        },
        "component_f1": {
          "n": 10.0,
          "mean_difference": 0.08235882635882638,
          "ci95_low": -0.0030909090909090665,
          "ci95_high": 0.16666378066378068,
          "probability_positive": 0.9688
        },
        "boundary_f1": {
          "n": 10.0,
          "mean_difference": 0.09038130036015371,
          "ci95_low": 0.005778069558625949,
          "ci95_high": 0.1952352721786454,
          "probability_positive": 0.9862
        }
      },
      "ugains_style": {
        "fixed_precision": {
          "n": 10.0,
          "mean_difference": 0.469300378205336,
          "ci95_low": 0.22195337660100362,
          "ci95_high": 0.7060223906944684,
          "probability_positive": 0.9998
        },
        "fixed_recall": {
          "n": 10.0,
          "mean_difference": 0.07125318792330684,
          "ci95_low": -0.20707832328782946,
          "ci95_high": 0.3745691077931736,
          "probability_positive": 0.6782
        },
        "fixed_f1": {
          "n": 10.0,
          "mean_difference": 0.31053012627382315,
          "ci95_low": 0.0909558558786787,
          "ci95_high": 0.5378696419721445,
          "probability_positive": 0.9978
        },
        "fixed_iou": {
          "n": 10.0,
          "mean_difference": 0.294184571601687,
          "ci95_low": 0.09658177674828647,
          "ci95_high": 0.5044612834795674,
          "probability_positive": 0.9992
        },
        "component_f1": {
          "n": 10.0,
          "mean_difference": 0.15421067821067821,
          "ci95_low": -0.007623015873015878,
          "ci95_high": 0.3112903318903319,
          "probability_positive": 0.9676
        },
        "boundary_f1": {
          "n": 10.0,
          "mean_difference": 0.17480512414609178,
          "ci95_low": 0.009219862073814656,
          "ci95_high": 0.3746854833607625,
          "probability_positive": 0.9838
        }
      }
    },
    "smiyc": {
      "s2m_style": {
        "fixed_precision": {
          "n": 30.0,
          "mean_difference": -0.014818089911251135,
          "ci95_low": -0.0276581094650736,
          "ci95_high": -0.004211356246247258,
          "probability_positive": 0.0
        },
        "fixed_recall": {
          "n": 30.0,
          "mean_difference": 0.00036981478496220797,
          "ci95_low": -0.0034279924162870412,
          "ci95_high": 0.0038144002137347633,
          "probability_positive": 0.5776
        },
        "fixed_f1": {
          "n": 30.0,
          "mean_difference": -0.007993023980403247,
          "ci95_low": -0.016409201594429625,
          "ci95_high": -0.00119985877056111,
          "probability_positive": 0.0082
        },
        "fixed_iou": {
          "n": 30.0,
          "mean_difference": -0.013500569160426327,
          "ci95_low": -0.026880161257122018,
          "ci95_high": -0.0024477080084839673,
          "probability_positive": 0.0054
        },
        "component_f1": {
          "n": 30.0,
          "mean_difference": -0.04333333333333334,
          "ci95_low": -0.08666666666666668,
          "ci95_high": -0.010000000000000002,
          "probability_positive": 0.0
        },
        "boundary_f1": {
          "n": 30.0,
          "mean_difference": -0.032879233539437704,
          "ci95_low": -0.06010114131893346,
          "ci95_high": -0.009491559526044944,
          "probability_positive": 0.0012
        }
      },
      "ugains_style": {
        "fixed_precision": {
          "n": 30.0,
          "mean_difference": 0.5855109261795141,
          "ci95_low": 0.4236534531822932,
          "ci95_high": 0.7447958730998792,
          "probability_positive": 1.0
        },
        "fixed_recall": {
          "n": 30.0,