{
  "num_samples": 149.0,
  "roadcontrast_threshold": 0.2674496644295302,
  "roadcontrast_precision": 0.042087798080041317,
  "roadcontrast_recall": 0.4158489684720922,
  "roadcontrast_f1": 0.06339982452716492,
  "roadcontrast_iou": 0.03429014834403313,
  "roadcontrast_ap": 0.029485639079062372,
  "roadcontrast_fpr95": 0.6655785839800114,
  "dino_threshold": 0.8541946308724833,
  "dino_precision": 0.14242059696683673,
  "dino_recall": 0.47810667031769244,
  "dino_f1": 0.15882645643042512,
  "dino_iou": 0.09745801336538494,
  "dino_ap": 0.11327038225019702,
  "dino_fpr95": 0.3671003629816726,
  "roadcontrast_eras_light_threshold": 0.23070469798657717,
  "roadcontrast_eras_light_precision": 0.043678247813991315,
  "roadcontrast_eras_light_recall": 0.40261719505206545,
  "roadcontrast_eras_light_f1": 0.06104597364459729,
  "roadcontrast_eras_light_iou": 0.03298185716175777,
  "roadcontrast_eras_light_ap": 0.027937814125446075,
  "roadcontrast_eras_light_fpr95": 0.6813626073073145,
  "roadcontrast_eras_balanced_threshold": 0.20989932885906043,
  "roadcontrast_eras_balanced_precision": 0.04024072447522431,
  "roadcontrast_eras_balanced_recall": 0.3658893356341634,
  "roadcontrast_eras_balanced_f1": 0.058465432574846765,
  "roadcontrast_eras_balanced_iou": 0.031528605450178944,
  "roadcontrast_eras_balanced_ap": 0.02611529509336408,
  "roadcontrast_eras_balanced_fpr95": 0.69169348745112,
  "roadcontrast_eras_recall_threshold": 0.19999999999999998,
  "roadcontrast_eras_recall_precision": 0.03630931310099339,
  "roadcontrast_eras_recall_recall": 0.2958747049048701,
  "roadcontrast_eras_recall_f1": 0.05332409466270639,
  "roadcontrast_eras_recall_iou": 0.028672707203915584,
  "roadcontrast_eras_recall_ap": 0.025175898599372058,
  "roadcontrast_eras_recall_fpr95": 0.7027270739430489,
  "dino_eras_light_threshold": 0.77248322147651,
  "dino_eras_light_precision": 0.1076648473372222,
  "dino_eras_light_recall": 0.5176817577936413,
  "dino_eras_light_f1": 0.13436721835124732,
  "dino_eras_light_iou": 0.07534658801150139,
  "dino_eras_light_ap": 0.06912580279477204,
  "dino_eras_light_fpr95": 0.26877943084985184,
  "dino_eras_balanced_threshold": 0.7213087248322148,
  "dino_eras_balanced_precision": 0.10130516428023992,
  "dino_eras_balanced_recall": 0.543181077587825,
  "dino_eras_balanced_f1": 0.12925193928459003,
  "dino_eras_balanced_iou": 0.07217737019787973,
  "dino_eras_balanced_ap": 0.06263418784236681,
  "dino_eras_balanced_fpr95": 0.2768744878451224,
  "dino_eras_recall_threshold": 0.5770134228187919,
  "dino_eras_recall_precision": 0.07230263718689603,
  "dino_eras_recall_recall": 0.5561674635468535,
  "dino_eras_recall_f1": 0.11066209021033416,
  "dino_eras_recall_iou": 0.06100498671169485,
  "dino_eras_recall_ap": 0.04654028360048649,
  "dino_eras_recall_fpr95": 0.3136141926409557,
  "roadcontrast_seconds": 0.08359639060400519,
  "dino_seconds": 0.3008700939597401,
  "roadcontrast_eras_light_seconds": 0.05350427114096218,
  "roadcontrast_eras_balanced_seconds": 0.0507254382550641,
  "roadcontrast_eras_recall_seconds": 0.05099209664446038,
  "dino_eras_light_seconds": 0.04396825033550982,
  "dino_eras_balanced_seconds": 0.03682253624168232,
  "dino_eras_recall_seconds": 0.03278385570444008
}