{
  "num_samples": 1.0,
  "roadcontrast_threshold": 0.475,
  "roadcontrast_precision": 0.022393658977664058,
  "roadcontrast_recall": 0.18133665680012462,
  "roadcontrast_f1": 0.03986437891708621,
  "roadcontrast_iou": 0.020337561589265123,
  "roadcontrast_ap": 0.01081289479096887,
  "roadcontrast_fpr95": 0.9632695608846774,
  "dino_threshold": 0.875,
  "dino_precision": 0.07639347999544055,
  "dino_recall": 0.5220439320766475,
  "dino_f1": 0.1332829528279373,
  "dino_iou": 0.07139965482709394,
  "dino_ap": 0.05141760621424749,
  "dino_fpr95": 0.17150268635384694,
  "roadcontrast_eras_light_threshold": 0.65,
  "roadcontrast_eras_light_precision": 0.04438141319763077,
  "roadcontrast_eras_light_recall": 0.08287895310796074,
  "roadcontrast_eras_light_f1": 0.057807236770618275,
  "roadcontrast_eras_light_iou": 0.029763902875685352,
  "roadcontrast_eras_light_ap": 0.012940294506936099,
  "roadcontrast_eras_light_fpr95": 0.9740444786331884,
  "roadcontrast_eras_balanced_threshold": 0.65,
  "roadcontrast_eras_balanced_precision": 0.07093944756482265,
  "roadcontrast_eras_balanced_recall": 0.143636080386353,
  "roadcontrast_eras_balanced_f1": 0.09497321796456532,
  "roadcontrast_eras_balanced_iou": 0.04985400670487726,
  "roadcontrast_eras_balanced_ap": 0.018117887700613615,
  "roadcontrast_eras_balanced_fpr95": 0.9772329189526443,
  "roadcontrast_eras_recall_threshold": 0.625,
  "roadcontrast_eras_recall_precision": 0.02971844336843184,
  "roadcontrast_eras_recall_recall": 0.18071350677675652,
  "roadcontrast_eras_recall_f1": 0.051042858400070404,
  "roadcontrast_eras_recall_iou": 0.02618983112074415,
  "roadcontrast_eras_recall_ap": 0.01070833777599179,
  "roadcontrast_eras_recall_fpr95": 0.9789943191565385,
  "dino_eras_light_threshold": 0.9249999999999999,
  "dino_eras_light_precision": 0.09614721104082806,
  "dino_eras_light_recall": 0.1302383548839383,
  "dino_eras_light_f1": 0.1106259097525473,
  "dino_eras_light_iou": 0.05855161787365177,
  "dino_eras_light_ap": 0.043434599105912255,
  "dino_eras_light_fpr95": 0.19218602658927578,
  "dino_eras_balanced_threshold": 0.9249999999999999,
  "dino_eras_balanced_precision": 0.08901943063714415,
  "dino_eras_balanced_recall": 0.153450693254401,
  "dino_eras_balanced_f1": 0.11267444520704645,
  "dino_eras_balanced_iou": 0.059700587914419054,
  "dino_eras_balanced_ap": 0.04052007631850432,
  "dino_eras_balanced_fpr95": 0.23145913212796157,
  "dino_eras_recall_threshold": 0.675,
  "dino_eras_recall_precision": 0.07909215955983494,
  "dino_eras_recall_recall": 0.12540894220283533,
  "dino_eras_recall_f1": 0.09700548291859974,
  "dino_eras_recall_iou": 0.050975177304964536,
  "dino_eras_recall_ap": 0.029932099658777002,
  "dino_eras_recall_fpr95": 0.2492840214121578,
  "roadcontrast_seconds": 0.16366460000062943,
  "dino_seconds": 0.3384193000019877,
  "roadcontrast_eras_light_seconds": 0.6378187999980582,
  "roadcontrast_eras_balanced_seconds": 0.06402239999806625,
  "roadcontrast_eras_recall_seconds": 0.06330919999891194,
  "dino_eras_light_seconds": 0.046961100000771694,
  "dino_eras_balanced_seconds": 0.057452000000921544,
  "dino_eras_recall_seconds": 0.050508199998148484
}