{
  "num_samples": 1.0,
  "roadcontrast_threshold": 0.15,
  "roadcontrast_precision": 0.20984992926012155,
  "roadcontrast_recall": 0.8612472802579495,
  "roadcontrast_f1": 0.33747204125183283,
  "roadcontrast_iou": 0.20298728780834402,
  "roadcontrast_ap": 0.13933192797467567,
  "roadcontrast_fpr95": 0.40144146158163607,
  "roadcontrast_eras_light_threshold": 0.125,
  "roadcontrast_eras_light_precision": 0.21747393375762067,
  "roadcontrast_eras_light_recall": 0.8729257870867958,
  "roadcontrast_eras_light_f1": 0.34820002457304333,
  "roadcontrast_eras_light_iou": 0.21080035703659625,
  "roadcontrast_eras_light_ap": 0.14431745750921243,
  "roadcontrast_eras_light_fpr95": 0.32987138386019654,
  "roadcontrast_eras_balanced_threshold": 0.1,
  "roadcontrast_eras_balanced_precision": 0.21856835886741505,
  "roadcontrast_eras_balanced_recall": 0.9039242928670669,
  "roadcontrast_eras_balanced_f1": 0.3520187841355724,
  "roadcontrast_eras_balanced_iou": 0.21360606586218003,
  "roadcontrast_eras_balanced_ap": 0.14489507195523416,
  "roadcontrast_eras_balanced_fpr95": 0.32396498254359346,
  "roadcontrast_eras_recall_threshold": 0.1,
  "roadcontrast_eras_recall_precision": 0.2190568242097624,
  "roadcontrast_eras_recall_recall": 0.8822712139879938,
  "roadcontrast_eras_recall_f1": 0.3509717786612788,
  "roadcontrast_eras_recall_iou": 0.2128355198047195,
  "roadcontrast_eras_recall_ap": 0.14609348259851215,
  "roadcontrast_eras_recall_fpr95": 0.32083638542984616,
  "roadcontrast_seconds": 0.08853600000293227,
  "roadcontrast_eras_light_seconds": 0.48912619999828166,
  "roadcontrast_eras_balanced_seconds": 0.03938180000113789,
  "roadcontrast_eras_recall_seconds": 0.037495999997190665
}