{
  "num_samples": 20.0,
  "roadcontrast_threshold": 0.25875,
  "roadcontrast_precision": 0.019072711331207064,
  "roadcontrast_recall": 0.3196229560277236,
  "roadcontrast_f1": 0.03054728995851948,
  "roadcontrast_iou": 0.015598141575036317,
  "roadcontrast_ap": 0.0118768263296667,
  "roadcontrast_fpr95": 0.7555479018462624,
  "dino_threshold": 0.8525,
  "dino_precision": 0.05604145748577634,
  "dino_recall": 0.4970063935891619,
  "dino_f1": 0.09195375727970799,
  "dino_iou": 0.050168167851097,
  "dino_ap": 0.04707406387000439,
  "dino_fpr95": 0.38381070898084413,
  "roadcontrast_eras_light_threshold": 0.20749999999999996,
  "roadcontrast_eras_light_precision": 0.016030307527365846,
  "roadcontrast_eras_light_recall": 0.2911656833071141,
  "roadcontrast_eras_light_f1": 0.027674403521453138,
  "roadcontrast_eras_light_iou": 0.014183935398009944,
  "roadcontrast_eras_light_ap": 0.011962637110515987,
  "roadcontrast_eras_light_fpr95": 0.7535197355223946,
  "roadcontrast_eras_balanced_threshold": 0.18500000000000003,
  "roadcontrast_eras_balanced_precision": 0.01724946867108698,
  "roadcontrast_eras_balanced_recall": 0.3142993679998568,
  "roadcontrast_eras_balanced_f1": 0.029431575450497634,
  "roadcontrast_eras_balanced_iou": 0.015160065364541678,
  "roadcontrast_eras_balanced_ap": 0.012165105482392954,
  "roadcontrast_eras_balanced_fpr95": 0.7511595117092644,
  "roadcontrast_eras_recall_threshold": 0.16499999999999998,
  "roadcontrast_eras_recall_precision": 0.015344206364991559,
  "roadcontrast_eras_recall_recall": 0.27484783259623213,
  "roadcontrast_eras_recall_f1": 0.027206678757224552,
  "roadcontrast_eras_recall_iou": 0.013992396369535245,
  "roadcontrast_eras_recall_ap": 0.011707788326038403,
  "roadcontrast_eras_recall_fpr95": 0.7537145744431826,
  "dino_eras_light_threshold": 0.7637499999999999,
  "dino_eras_light_precision": 0.08642444908650172,
  "dino_eras_light_recall": 0.5362913945316967,
  "dino_eras_light_f1": 0.11967036785503318,
  "dino_eras_light_iou": 0.06650128493801405,
  "dino_eras_light_ap": 0.06403352001497888,
  "dino_eras_light_fpr95": 0.2972332531802271,
  "dino_eras_balanced_threshold": 0.7125,
  "dino_eras_balanced_precision": 0.0764149110833714,
  "dino_eras_balanced_recall": 0.5918156412318896,
  "dino_eras_balanced_f1": 0.11221806865802766,
  "dino_eras_balanced_iou": 0.062327191824507334,
  "dino_eras_balanced_ap": 0.06108040888367774,
  "dino_eras_balanced_fpr95": 0.2968776494563957,
  "dino_eras_recall_threshold": 0.5525,
  "dino_eras_recall_precision": 0.059713691286416494,
  "dino_eras_recall_recall": 0.5967216042191337,
  "dino_eras_recall_f1": 0.09168201398824491,
  "dino_eras_recall_iou": 0.049251747171108175,
  "dino_eras_recall_ap": 0.034826911205297184,
  "dino_eras_recall_fpr95": 0.31452765013932243,
  "roadcontrast_seconds": 0.10131559499996001,
  "dino_seconds": 0.3284536050000497,
  "roadcontrast_eras_light_seconds": 0.17708029500008707,
  "roadcontrast_eras_balanced_seconds": 0.15545084499999576,
  "roadcontrast_eras_recall_seconds": 0.1573367649998545,
  "dino_eras_light_seconds": 0.7707807349998802,
  "dino_eras_balanced_seconds": 0.557446489999711,
  "dino_eras_recall_seconds": 0.34247912000009817
}