{
  "num_samples": 10.0,
  "roadcontrast_threshold": 0.215,
  "roadcontrast_precision": 0.4021799344032968,
  "roadcontrast_recall": 0.6187704564817628,
  "roadcontrast_f1": 0.4472717688372862,
  "roadcontrast_iou": 0.3058660302559041,
  "roadcontrast_ap": 0.36979701827261313,
  "roadcontrast_fpr95": 0.6408851687325859,
  "dino_threshold": 0.375,
  "dino_precision": 0.19239808984797419,
  "dino_recall": 0.9313619792967927,
  "dino_f1": 0.3119458641509722,
  "dino_iou": 0.19071705073161074,
  "dino_ap": 0.1323814222763078,
  "dino_fpr95": 0.6749158634867407,
  "roadcontrast_eras_light_threshold": 0.175,
  "roadcontrast_eras_light_precision": 0.4114491591613751,
  "roadcontrast_eras_light_recall": 0.6141825523070352,
  "roadcontrast_eras_light_f1": 0.45287649104651884,
  "roadcontrast_eras_light_iou": 0.309502146942784,
  "roadcontrast_eras_light_ap": 0.3717377822483969,
  "roadcontrast_eras_light_fpr95": 0.6251504265936417,
  "roadcontrast_eras_balanced_threshold": 0.14999999999999997,
  "roadcontrast_eras_balanced_precision": 0.4229503690741816,
  "roadcontrast_eras_balanced_recall": 0.613660267681136,
  "roadcontrast_eras_balanced_f1": 0.4534469312914064,
  "roadcontrast_eras_balanced_iou": 0.3098895630319508,
  "roadcontrast_eras_balanced_ap": 0.3733021527718148,
  "roadcontrast_eras_balanced_fpr95": 0.6191296268399196,
  "roadcontrast_eras_recall_threshold": 0.1275,
  "roadcontrast_eras_recall_precision": 0.4165055216929713,
  "roadcontrast_eras_recall_recall": 0.6278690781630337,
  "roadcontrast_eras_recall_f1": 0.45277603693735813,
  "roadcontrast_eras_recall_iou": 0.30915448396099354,
  "roadcontrast_eras_recall_ap": 0.37295653314130595,
  "roadcontrast_eras_recall_fpr95": 0.6139900412138453,
  "dino_eras_light_threshold": 0.46749999999999997,
  "dino_eras_light_precision": 0.349667548290634,
  "dino_eras_light_recall": 0.7624131827242481,
  "dino_eras_light_f1": 0.43475068301115527,
  "dino_eras_light_iou": 0.2864599349941049,
  "dino_eras_light_ap": 0.2907479089387971,
  "dino_eras_light_fpr95": 0.5888554020234867,
  "dino_eras_balanced_threshold": 0.4149999999999999,
  "dino_eras_balanced_precision": 0.364034927790209,
  "dino_eras_balanced_recall": 0.8368639548698136,
  "dino_eras_balanced_f1": 0.4782390297004492,
  "dino_eras_balanced_iou": 0.3289496478591575,
  "dino_eras_balanced_ap": 0.3227479418140393,
  "dino_eras_balanced_fpr95": 0.5591703331304684,
  "dino_eras_recall_threshold": 0.38499999999999995,
  "dino_eras_recall_precision": 0.3755994289314796,
  "dino_eras_recall_recall": 0.7593982346348688,
  "dino_eras_recall_f1": 0.4741317345802255,
  "dino_eras_recall_iou": 0.32391119841652455,
  "dino_eras_recall_ap": 0.3122450360116086,
  "dino_eras_recall_fpr95": 0.5843576064324167,
  "dino_eras_guarded_threshold": 0.41500000000000004,
  "dino_eras_guarded_precision": 0.2030459823918876,
  "dino_eras_guarded_recall": 0.8957401105942621,
  "dino_eras_guarded_f1": 0.3249764156566886,
  "dino_eras_guarded_iou": 0.19962501116416165,
  "dino_eras_guarded_ap": 0.14345118230679885,
  "dino_eras_guarded_fpr95": 0.6550554228404455,
  "roadcontrast_seconds": 0.0931030700005067,
  "dino_seconds": 0.31764631000041843,
  "roadcontrast_eras_light_seconds": 0.08028161000038381,
  "roadcontrast_eras_balanced_seconds": 0.047113309999986086,
  "roadcontrast_eras_recall_seconds": 0.0545742500005872,
  "dino_eras_light_seconds": 0.046407140000883376,
  "dino_eras_balanced_seconds": 0.03956138999965333,
  "dino_eras_recall_seconds": 0.03685149000048114,
  "dino_eras_guarded_seconds": 0.006266289999621222
}