{
  "num_samples": 1.0,
  "roadcontrast_threshold": 0.15,
  "roadcontrast_precision": 0.20984992926012155,
  "roadcontrast_recall": 0.8612472802579495,
  "roadcontrast_f1": 0.33747204125183283,
  "roadcontrast_iou": 0.20298728780834402,
  "roadcontrast_ap": 0.13933192797467567,
  "roadcontrast_fpr95": 0.40144146158163607,
  "dino_threshold": 0.575,
  "dino_precision": 0.17951310509154753,
  "dino_recall": 0.9005819592628516,
  "dino_f1": 0.2993556201339299,
  "dino_iou": 0.1760248195789792,
  "dino_ap": 0.14033577827179117,
  "dino_fpr95": 0.41447431006763763,
  "roadcontrast_eras_light_threshold": 0.125,
  "roadcontrast_eras_light_precision": 0.21747393375762067,
  "roadcontrast_eras_light_recall": 0.8729257870867958,
  "roadcontrast_eras_light_f1": 0.34820002457304333,
  "roadcontrast_eras_light_iou": 0.21080035703659625,
  "roadcontrast_eras_light_ap": 0.14431745742646276,
  "roadcontrast_eras_light_fpr95": 0.32987138386019654,
  "roadcontrast_eras_balanced_threshold": 0.1,
  "roadcontrast_eras_balanced_precision": 0.21856835886741505,
  "roadcontrast_eras_balanced_recall": 0.9039242928670669,
  "roadcontrast_eras_balanced_f1": 0.3520187841355724,
  "roadcontrast_eras_balanced_iou": 0.21360606586218003,
  "roadcontrast_eras_balanced_ap": 0.14489507199125443,
  "roadcontrast_eras_balanced_fpr95": 0.32396498254359346,
  "roadcontrast_eras_recall_threshold": 0.1,
  "roadcontrast_eras_recall_precision": 0.2190568242097624,
  "roadcontrast_eras_recall_recall": 0.8822712139879938,
  "roadcontrast_eras_recall_f1": 0.3509717786612788,
  "roadcontrast_eras_recall_iou": 0.2128355198047195,
  "roadcontrast_eras_recall_ap": 0.14609348259851215,
  "roadcontrast_eras_recall_fpr95": 0.32083638542984616,
  "dino_eras_light_threshold": 0.675,
  "dino_eras_light_precision": 0.4362664119048093,
  "dino_eras_light_recall": 0.8619026397881878,
  "dino_eras_light_f1": 0.5793069424683842,
  "dino_eras_light_iou": 0.4077636188881654,
  "dino_eras_light_ap": 0.5140369923571326,
  "dino_eras_light_fpr95": 0.17349741721287304,
  "dino_eras_balanced_threshold": 0.65,
  "dino_eras_balanced_precision": 0.48340121128326896,
  "dino_eras_balanced_recall": 0.8432117859857918,
  "dino_eras_balanced_f1": 0.6145116918844566,
  "dino_eras_balanced_iou": 0.4435343757756267,
  "dino_eras_balanced_ap": 0.473447822296704,
  "dino_eras_balanced_fpr95": 0.1258514160142315,
  "dino_eras_recall_threshold": 0.525,
  "dino_eras_recall_precision": 0.5299494961507663,
  "dino_eras_recall_recall": 0.8761108344037539,
  "dino_eras_recall_f1": 0.6604190235299348,
  "dino_eras_recall_iou": 0.49300418200190294,
  "dino_eras_recall_ap": 0.46491633078190264,
  "dino_eras_recall_fpr95": 0.09559523016771468,
  "roadcontrast_seconds": 0.14361120000103256,
  "dino_seconds": 0.3791602999990573,
  "roadcontrast_eras_light_seconds": 0.25426580000203103,
  "roadcontrast_eras_balanced_seconds": 0.2609244999985094,
  "roadcontrast_eras_recall_seconds": 0.2962177999979758,
  "dino_eras_light_seconds": 0.6246129000028304,
  "dino_eras_balanced_seconds": 0.5269829999997455,
  "dino_eras_recall_seconds": 0.4868531000029179
}