{
  "ADE_m": 0.2240304797887802,
  "FDE_m": 0.3283669948577881,
  "risk_accuracy": 0.9407407407407408
}