{
  "num_samples": 30.0,
  "roadcontrast_threshold": 0.4699999999999999,
  "roadcontrast_precision": 0.14276060045820677,
  "roadcontrast_recall": 0.3690007300654982,
  "roadcontrast_f1": 0.17388447464405116,
  "roadcontrast_iou": 0.1107894188136572,
  "roadcontrast_ap": 0.11685900207148438,
  "roadcontrast_fpr95": 0.4540034576916129,
  "dino_threshold": 0.6616666666666667,
  "dino_precision": 0.4780770077723996,
  "dino_recall": 0.6863756135694903,
  "dino_f1": 0.5228477271634476,
  "dino_iou": 0.39983578685974636,
  "dino_ap": 0.5203421388699042,
  "dino_fpr95": 0.02679437470712183,
  "roadcontrast_eras_light_threshold": 0.46416666666666667,
  "roadcontrast_eras_light_precision": 0.21154378426121181,
  "roadcontrast_eras_light_recall": 0.37243921622890974,
  "roadcontrast_eras_light_f1": 0.1921395807569067,
  "roadcontrast_eras_light_iou": 0.13059414711299164,
  "roadcontrast_eras_light_ap": 0.1457486298958628,
  "roadcontrast_eras_light_fpr95": 0.45409380246936276,
  "roadcontrast_eras_balanced_threshold": 0.4633333333333333,
  "roadcontrast_eras_balanced_precision": 0.2869954409419152,
  "roadcontrast_eras_balanced_recall": 0.3796021862861776,
  "roadcontrast_eras_balanced_f1": 0.2359289425123188,
  "roadcontrast_eras_balanced_iou": 0.1690307544272625,
  "roadcontrast_eras_balanced_ap": 0.18522095099600336,
  "roadcontrast_eras_balanced_fpr95": 0.45376735188586703,
  "roadcontrast_eras_recall_threshold": 0.44749999999999995,
  "roadcontrast_eras_recall_precision": 0.34564634675500194,
  "roadcontrast_eras_recall_recall": 0.3981130757752014,
  "roadcontrast_eras_recall_f1": 0.2751232011425178,
  "roadcontrast_eras_recall_iou": 0.2068393293304671,
  "roadcontrast_eras_recall_ap": 0.21795305430478254,
  "roadcontrast_eras_recall_fpr95": 0.453643132200879,
  "dino_eras_light_threshold": 0.8041666666666666,
  "dino_eras_light_precision": 0.46929138208541554,
  "dino_eras_light_recall": 0.7523792346411569,
  "dino_eras_light_f1": 0.5232354275400876,
  "dino_eras_light_iou": 0.39889828668290284,
  "dino_eras_light_ap": 0.5270659181267149,
  "dino_eras_light_fpr95": 0.025553292227948356,
  "dino_eras_balanced_threshold": 0.7916666666666666,
  "dino_eras_balanced_precision": 0.43111823743625205,
  "dino_eras_balanced_recall": 0.806182408665627,
  "dino_eras_balanced_f1": 0.5039431758266698,
  "dino_eras_balanced_iou": 0.3825243449279245,
  "dino_eras_balanced_ap": 0.4975423606538122,
  "dino_eras_balanced_fpr95": 0.02627642107107273,
  "dino_eras_recall_threshold": 0.7324999999999999,
  "dino_eras_recall_precision": 0.39202180980922285,
  "dino_eras_recall_recall": 0.8547623049498658,
  "dino_eras_recall_f1": 0.4634228878022906,
  "dino_eras_recall_iou": 0.3500872968542829,
  "dino_eras_recall_ap": 0.45200316420071807,
  "dino_eras_recall_fpr95": 0.03156793172112058,
  "roadcontrast_seconds": 0.23727185999972183,
  "dino_seconds": 0.3296260099996289,
  "roadcontrast_eras_light_seconds": 0.32433634333271283,
  "roadcontrast_eras_balanced_seconds": 0.28997858000038834,
  "roadcontrast_eras_recall_seconds": 0.31692216333358375,
  "dino_eras_light_seconds": 1.8577627566662462,
  "dino_eras_balanced_seconds": 1.4750787133331567,
  "dino_eras_recall_seconds": 0.8731453266670238
}